<?xml version="1.0" encoding="UTF-8"?>
<!DOCTYPE mapper PUBLIC "-//mybatis.org//DTD Mapper 3.0//EN" "http://mybatis.org/dtd/mybatis-3-mapper.dtd">
<mapper namespace="com.matrix.tutorial.persistence.mybatis.mapper.ClientIdentityMapper">

    <!-- 通用查询映射结果 -->
    <resultMap id="BaseResultMap" type="com.matrix.tutorial.biz.entity.ClientIdentity">
        <id column="id" property="id" />
        <result column="client_id" property="clientId" />
        <result column="surname" property="surname" />
        <result column="given_name" property="givenName" />
    </resultMap>

    <!-- 通用查询结果列 -->
    <sql id="Base_Column_List">
        id, client_id, surname, given_name
    </sql>
    
    <select id="listByClientId" resultMap="BaseResultMap">
    	SELECT <include refid="Base_Column_List"/>
    	from client_identity
    	where client_id=#{clientId}
	</select>

</mapper>
