<?xml version="1.0" encoding="UTF-8"?>
<!DOCTYPE mapper PUBLIC "-//mybatis.org//DTD Mapper 3.0//EN" "http://mybatis.org/dtd/mybatis-3-mapper.dtd">
<mapper namespace="com.matrix.tutorial.persistence.mybatis.mapper.ClientMapper">

	<select id="all" resultMap="BaseResultMap">
	  select * from client
	</select>
    <!-- 通用查询映射结果 -->
    <resultMap id="BaseResultMap" type="com.matrix.tutorial.biz.entity.Client">
        <id column="id" property="id" />
        <result column="name" property="name" />
        <result column="password" property="password" />
        <result column="status" property="status" />
        <collection property="identities" ofType="com.matrix.tutorial.biz.entity.ClientIdentity"
          column="{clientId=id}" select="com.matrix.tutorial.persistence.mybatis.mapper.ClientIdentityMapper.listByClientId"
        >  
        </collection>  
    </resultMap>

    <!-- 通用查询结果列 -->
    <sql id="Base_Column_List">
        id, name, password, status
    </sql>
    
    <select id="getById" resultMap="BaseResultMap">
    	SELECT <include refid="Base_Column_List"/>
    	from client
    	where id=#{id}
	</select>
</mapper>
