<?xml version="1.0" encoding="UTF-8"?>
<!DOCTYPE mapper PUBLIC "-//mybatis.org//DTD Mapper 3.0//EN" "http://mybatis.org/dtd/mybatis-3-mapper.dtd">
<mapper namespace="com.demo.db.mybatis.mapper.OrderItemMapper">

	<select id="all" resultMap="BaseResultMap">
	  select * from orderitem
	</select>
    <!-- 通用查询映射结果 -->
    <resultMap id="BaseResultMap" type="com.demo.db.entity.OrderItem">
        <id column="id" property="id" />
        <result column="order_id" property="orderId" />
        <result column="price" property="price" />
        <result column="product_id" property="productId" />
        <association property="orderItem" javaType="com.demo.db.entity.OrderItem"
          column="{id=productId}" select="com.demo.db.mybatis.mapper.ProductmMapper.getById"
        >  
        </association>
    </resultMap>

    <!-- 通用查询结果列 -->
    <sql id="Base_Column_List">
        id, order_id, price, product_id
    </sql>
    
    <select id="getById" resultMap="BaseResultMap">
    	SELECT <include refid="Base_Column_List"/>
    	from client
    	where id=#{id}
	</select>
	
	 <select id="listByOrderId" resultMap="BaseResultMap">
    	SELECT <include refid="Base_Column_List"/>
    	from orderitem
    	where order_id=#{id}
	</select>
</mapper>
