<?xml version="1.0" encoding="UTF-8"?>
<!DOCTYPE mapper PUBLIC "-//mybatis.org//DTD Mapper 3.0//EN" "http://mybatis.org/dtd/mybatis-3-mapper.dtd">
<mapper namespace="com.demo.db.mybatis.mapper.ProductMapper">

	<select id="all" resultMap="BaseResultMap">
	  select * from product
	</select>
    <!-- 通用查询映射结果 -->
    <resultMap id="BaseResultMap" type="com.demo.db.entity.Product">
        <id column="id" property="id" />
        <result column="product_code" property="productCode" />
        <result column="name" property="name" />
    </resultMap>

    <!-- 通用查询结果列 -->
    <sql id="Base_Column_List">
        id, product_code, name
    </sql>
    
    <select id="getById" resultMap="BaseResultMap">
    	SELECT <include refid="Base_Column_List"/>
    	from product
    	where id=#{id}
	</select>
</mapper>
