<?xml version="1.0" encoding="UTF-8"?>
<!DOCTYPE mapper PUBLIC "-//mybatis.org//DTD Mapper 3.0//EN" "http://mybatis.org/dtd/mybatis-3-mapper.dtd">
<mapper namespace="com.demo.db.mybatis.mapper.TorderMapper">

    <!-- 通用查询映射结果 -->
    <resultMap id="BaseResultMap" type="com.demo.db.entity.Torder">
        <id column="id" property="id" />
        <result column="order_status" property="orderStatus" />
        <result column="order_time" property="orderTime" />               
        <collection property="orderItem" ofType="com.demo.db.entity.OrderItem"
          column="{orderId=id}" select="com.demo.db.mybatis.mapper.OrderItemMapper.listByOrderId"
        >  
        </collection>  
    </resultMap>

    <!-- 通用查询结果列 -->
    <sql id="Base_Column_List">
        id, order_status, order_time
    </sql>
    
    <select id="getById" resultMap="BaseResultMap">
    	SELECT <include refid="Base_Column_List"/>
    	from torder
    	where id=#{id}
	</select>
	
	<update id="updateById" parameterType="com.demo.db.entity.Torder">
		update torder set order_status = #{orderStatus}, order_time = #{orderTime} 
		where id = #{id}
	</update>
	
	<delete id="delById">
	  delete from torder where id = #{id}
	</delete>
	
</mapper>
